,Symbol,Name,Sector,EV/EBIT, MV , TDebt , EBIT 
0,MMM,3M Company,Industrials,18.09779758," 119,938,228,224.00 "," 11,306,999,808.00 "," 7,252,000,000.00 "
1,ABT,Abbott Laboratories,Health Care,61.14509577," 88,661,557,248.00 "," 24,089,999,360.00 "," 1,844,000,000.00 "
2,ABBV,AbbVie,Health Care,17.79842531," 119,955,267,584.00 "," 37,542,998,016.00 "," 8,849,000,000.00 "
3,ACN,Accenture plc,Information Technology,14.27511451," 80,196,042,752.00 "," 27,674,000.00 "," 5,619,830,000.00 "
4,ATVI,Activision Blizzard,Information Technology,48.36764516," 49,107,615,744.00 "," 4,386,999,808.00 "," 1,106,000,000.00 "
5,AYI,Acuity Brands Inc,Industrials,16.33412369," 7,431,410,176.00 "," 356,700,000.00 "," 476,800,000.00 "
6,ADBE,Adobe Systems Inc,Information Technology,51.81463303," 76,122,677,248.00 "," 1,888,397,952.00 "," 1,505,580,000.00 "
7,AAP,Advance Auto Parts,Consumer Discretionary,10.25181534," 7,144,478,208.00 "," 1,044,108,032.00 "," 798,745,000.00 "
8,AES,AES Corp,Utilities,17.76676238," 7,322,250,752.00 "," 20,767,000,576.00 "," 1,581,000,000.00 "
9,AET,Aetna Inc,Health Care,13.4204221," 52,494,839,808.00 "," 9,171,999,744.00 "," 4,595,000,000.00 "
10,AMG,Affiliated Managers Group Inc,Financials,11.04265685," 9,760,053,248.00 "," 2,032,400,000.00 "," 1,067,900,000.00 "
11,AFL,AFLAC Inc,Financials,8.796785738," 32,219,066,368.00 "," 5,914,999,808.00 "," 4,335,000,000.00 "
12,A,Agilent Technologies Inc,Health Care,36.91518753," 20,658,755,584.00 "," 2,080,999,936.00 "," 616,000,000.00 "
13,APD,Air Products & Chemicals Inc,Materials,15.76622668," 31,488,247,808.00 "," 3,949,499,904.00 "," 2,247,700,000.00 "
14,AKAM,Akamai Technologies Inc,Information Technology,17.9173533," 7,914,599,936.00 "," 651,400,000.00 "," 478,084,000.00 "
15,ALK,Alaska Air Group Inc,Industrials,8.603539642," 9,023,866,880.00 "," 2,806,000,128.00 "," 1,375,000,000.00 "
16,ALB,Albemarle Corp,Materials,20.80057894," 12,888,884,224.00 "," 1,728,577,024.00 "," 702,743,000.00 "
17,ALXN,Alexion Pharmaceuticals,Health Care,52.82367258," 32,299,331,584.00 "," 3,251,000,064.00 "," 673,000,000.00 "
18,ALLE,Allegion,Industrials,20.93894892," 7,541,809,152.00 "," 1,440,999,936.00 "," 429,000,000.00 "
19,AGN,"Allergan, Plc",Health Care,-198.9569901," 74,810,990,592.00 "," 30,238,300,160.00 "," -1,536,400,000.00 "
20,ADS,Alliance Data Systems,Information Technology,26.77629967," 12,178,606,080.00 "," 21,706,801,152.00 "," 1,265,500,000.00 "
21,LNT,Alliant Energy Corp,Utilities,22.89395112," 9,914,870,784.00 "," 4,728,100,352.00 "," 639,600,000.00 "
22,ALL,Allstate Corp,Financials,12.33224862," 31,254,026,240.00 "," 6,346,999,808.00 "," 3,049,000,000.00 "
23,GOOGL,Alphabet Inc Class A,Information Technology,26.93856198," 646,611,271,680.00 "," 3,955,000,064.00 "," 24,150,000,000.00 "
24,GOOG,Alphabet Inc Class C,Information Technology,0," 647,629,176,832.00 "," 3,955,000,064.00 ", -   
25,MO,Altria Group Inc,Consumer Staples,5.951922222," 120,620,490,752.00 "," 13,886,999,552.00 "," 22,599,000,000.00 "
26,AMZN,Amazon.com Inc,Consumer Discretionary,111.3609224," 463,696,396,288.00 "," 23,619,000,320.00 "," 4,376,000,000.00 "
27,AEE,Ameren Corp,Utilities,16.03312097," 14,524,131,328.00 "," 8,290,999,808.00 "," 1,423,000,000.00 "
28,AAL,American Airlines Group,Industrials,8.742615447," 21,389,434,880.00 "," 24,859,000,832.00 "," 5,290,000,000.00 "
29,AEP,American Electric Power,Utilities,42.75873987," 36,440,424,448.00 "," 21,403,598,848.00 "," 1,352,800,000.00 "
30,AXP,American Express Co,Financials,14.25172042," 75,412,332,544.00 "," 55,731,998,720.00 "," 9,202,000,000.00 "
31,AIG,"American International Group, Inc.",Financials,72.2598413," 53,888,172,032.00 "," 31,811,999,744.00 "," 1,186,000,000.00 "
32,AMT,American Tower Corp A,Real Estate,44.65866032," 63,063,269,376.00 "," 19,241,971,712.00 "," 1,842,985,000.00 "
33,AWK,American Water Works Company Inc,Utilities,28.40357303," 14,408,751,104.00 "," 7,462,000,128.00 "," 770,000,000.00 "
34,AMP,Ameriprise Financial,Financials,14.00094414," 20,342,767,616.00 "," 5,866,999,808.00 "," 1,872,000,000.00 "
35,ABC,AmerisourceBergen Corp,Health Care,13.87943672," 17,461,035,008.00 "," 3,785,912,064.00 "," 1,530,822,000.00 "
36,AME,AMETEK Inc,Industrials,21.51845409," 14,542,393,344.00 "," 2,401,388,032.00 "," 787,407,000.00 "
37,AMGN,Amgen Inc,Health Care,15.7368096," 128,962,764,800.00 "," 35,062,001,664.00 "," 10,423,000,000.00 "
38,APH,Amphenol Corp,Information Technology,23.01977838," 24,542,504,960.00 "," 3,396,600,064.00 "," 1,213,700,000.00 "
39,APC,Anadarko Petroleum Corp,Energy,-13.6310483," 23,243,651,072.00 "," 16,817,999,872.00 "," -2,939,000,000.00 "
40,ADI,"Analog Devices, Inc.",Information Technology,41.51371294," 30,516,443,136.00 "," 12,893,533,184.00 "," 1,045,678,000.00 "
41,ANTM,Anthem Inc.,Health Care,13.12568337," 51,776,507,904.00 "," 17,506,099,200.00 "," 5,278,400,000.00 "
42,AON,Aon plc,Financials,21.34123255," 35,713,744,896.00 "," 5,922,999,808.00 "," 1,951,000,000.00 "
43,APA,Apache Corporation,Energy,-6.702766849," 15,016,418,304.00 "," 8,479,000,064.00 "," -1,265,000,000.00 "
44,AIV,Apartment Investment & Mgmt,Real Estate,45.26260983," 7,453,961,728.00 "," 4,344,371,200.00 "," 260,664,000.00 "
45,AAPL,Apple Inc.,Information Technology,15.41066808," 837,180,522,496.00 "," 108,602,998,784.00 "," 61,372,000,000.00 "
46,AMAT,Applied Materials Inc,Information Technology,24.32678778," 47,437,475,840.00 "," 5,303,000,064.00 "," 2,168,000,000.00 "
47,ADM,Archer-Daniels-Midland Co,Consumer Staples,14.45542309," 23,593,220,096.00 "," 6,979,999,744.00 "," 2,115,000,000.00 "
48,ARNC,Arconic Inc,Industrials,19.27792606," 10,756,746,240.00 "," 6,844,000,256.00 "," 913,000,000.00 "
49,AJG,Arthur J. Gallagher & Co.,Financials,28.94806915," 10,397,263,872.00 "," 3,112,800,000.00 "," 466,700,000.00 "
50,AIZ,Assurant Inc,Financials,6.699565287," 4,934,593,024.00 "," 1,136,599,936.00 "," 906,207,000.00 "
51,T,AT&T Inc,Telecommunications Services,15.13067702," 227,732,602,880.00 "," 146,327,994,368.00 "," 24,722,000,000.00 "
52,ADSK,Autodesk Inc,Information Technology,-53.08721781," 24,937,474,048.00 "," 1,584,899,968.00 "," -499,600,000.00 "
53,ADP,Automatic Data Processing,Information Technology,18.87987156," 47,294,832,640.00 "," 2,002,400,000.00 "," 2,611,100,000.00 "
54,AN,AutoNation Inc,Consumer Discretionary,12.39371372," 4,621,198,336.00 "," 6,462,499,840.00 "," 894,300,000.00 "
55,AZO,AutoZone Inc,Consumer Discretionary,9.92109857," 15,136,577,536.00 "," 5,304,804,352.00 "," 2,060,395,000.00 "
56,AVB,"AvalonBay Communities, Inc.",Real Estate,26.82764726," 25,778,829,312.00 "," 6,991,758,848.00 "," 1,221,523,000.00 "
57,AVY,Avery Dennison Corp,Materials,18.80724737," 8,379,191,808.00 "," 1,720,300,032.00 "," 537,000,000.00 "
58,BHI,Baker Hughes Inc,Energy,0," 463,696,396,288.00 ", -   , -   
59,BLL,Ball Corp,Materials,61.06181424," 14,067,881,984.00 "," 7,548,000,256.00 "," 354,000,000.00 "
60,BAC,Bank of America Corp,Financials,21.6318506," 245,920,481,280.00 "," 491,703,992,320.00 "," 34,099,000,000.00 "
61,BCR,Bard (C.R.) Inc.,Health Care,34.83920379," 23,364,616,192.00 "," 1,656,899,968.00 "," 718,200,000.00 "
62,BAX,Baxter International Inc.,Health Care,7.437664994," 33,880,078,336.00 "," 3,456,999,936.00 "," 5,020,000,000.00 "
63,BBT,BB&T Corporation,Financials,16.36309902," 36,671,217,664.00 "," 28,682,999,808.00 "," 3,994,000,000.00 "
64,BDX,Becton Dickinson,Health Care,44.14837739," 45,528,928,256.00 "," 19,015,999,488.00 "," 1,462,000,000.00 "
65,BBBY,Bed Bath & Beyond,Consumer Discretionary,4.885092866," 4,053,887,232.00 "," 1,491,719,040.00 "," 1,135,210,000.00 "
66,BRK.B,Berkshire Hathaway,Financials,0, -   , -   , -   
67,BBY,Best Buy Co. Inc.,Consumer Discretionary,9.643113559," 16,852,198,400.00 "," 1,354,000,000.00 "," 1,888,000,000.00 "
68,BIIB,BIOGEN IDEC Inc.,Health Care,14.85717895," 66,776,563,712.00 "," 6,513,900,032.00 "," 4,933,000,000.00 "
69,BLK,BlackRock,Financials,15.43450846," 67,031,982,080.00 "," 4,969,999,872.00 "," 4,665,000,000.00 "
70,HRB,Block H&R,Financials,9.708028833," 5,517,093,376.00 "," 1,494,413,952.00 "," 722,238,000.00 "
71,BA,Boeing Company,Industrials,25.68295429," 140,086,673,408.00 "," 10,775,000,064.00 "," 5,874,000,000.00 "
72,BWA,BorgWarner,Consumer Discretionary,51.33552675," 9,700,409,344.00 "," 2,219,699,968.00 "," 232,200,000.00 "
73,BXP,Boston Properties,Real Estate,31.62358019," 20,600,242,176.00 "," 10,236,638,208.00 "," 975,123,000.00 "
74,BSX,Boston Scientific,Health Care,106.499082," 37,829,623,808.00 "," 5,834,999,808.00 "," 410,000,000.00 "
75,BMY,Bristol-Myers Squibb,Health Care,17.97146522," 98,084,216,832.00 "," 8,216,999,936.00 "," 5,915,000,000.00 "
76,AVGO,Broadcom,Information Technology,61.17329483," 106,817,044,480.00 "," 13,571,999,744.00 "," 1,968,000,000.00 "
77,BF.B,Brown-Forman Corp.,Consumer Staples,0, -   , -   , -   
78,CHRW,C. H. Robinson Worldwide,Industrials,13.63054437," 10,074,003,456.00 "," 1,342,000,000.00 "," 837,531,000.00 "
79,CA,"CA, Inc.",Information Technology,14.83465778," 13,910,336,512.00 "," 2,927,000,064.00 "," 1,135,000,000.00 "
80,COG,Cabot Oil & Gas,Energy,-24.48963395," 12,468,810,752.00 "," 1,521,211,008.00 "," -571,263,000.00 "
81,CPB,Campbell Soup,Consumer Staples,18.21166287," 14,144,043,008.00 "," 3,412,000,000.00 "," 964,000,000.00 "
82,COF,Capital One Financial,Financials,14.13262113," 38,047,055,872.00 "," 50,832,998,400.00 "," 6,289,000,000.00 "
83,CAH,Cardinal Health Inc.,Health Care,14.95669387," 21,366,974,464.00 "," 10,416,000,000.00 "," 2,125,000,000.00 "
84,KMX,Carmax Inc,Consumer Discretionary,23.44973884," 12,647,707,648.00 "," 12,275,167,232.00 "," 1,062,821,000.00 "
85,CCL,Carnival Corp.,Consumer Discretionary,18.99680699," 48,511,258,624.00 "," 9,447,999,488.00 "," 3,051,000,000.00 "
86,CAT,Caterpillar Inc.,Industrials,166.3122795," 69,912,109,056.00 "," 37,192,998,912.00 "," 644,000,000.00 "
87,CBOE,CBOE Holdings,Financials,41.41849793," 11,525,809,152.00 "," 1,411,300,096.00 "," 312,351,000.00 "
88,CBG,CBRE Group,Real Estate,15.21074261," 11,985,786,880.00 "," 3,614,000,896.00 "," 1,025,577,000.00 "
89,CBS,CBS Corp.,Consumer Discretionary,13.16072717," 25,573,480,448.00 "," 9,184,000,000.00 "," 2,641,000,000.00 "
90,CELG,Celgene Corp.,Health Care,42.92543693," 109,020,610,560.00 "," 14,286,999,552.00 "," 2,872,600,000.00 "
91,CNC,Centene Corporation,Health Care,14.59937966," 15,286,547,456.00 "," 4,773,000,192.00 "," 1,374,000,000.00 "
92,CNP,CenterPoint Energy,Utilities,19.25374944," 12,766,930,944.00 "," 8,700,999,680.00 "," 1,115,000,000.00 "
93,CTL,CenturyLink Inc,Telecommunications Services,15.31452879," 10,728,368,128.00 "," 25,077,000,192.00 "," 2,338,000,000.00 "
94,CERN,Cerner,Health Care,24.97931071," 22,398,433,280.00 "," 543,414,976.00 "," 918,434,000.00 "
95,CF,CF Industries Holdings Inc,Materials,-483.3008837," 6,782,822,912.00 "," 5,783,000,064.00 "," -26,000,000.00 "
96,SCHW,Charles Schwab Corporation,Financials,17.61557668," 51,917,684,736.00 "," 3,817,999,872.00 "," 3,164,000,000.00 "
97,CHTR,Charter Communications,Consumer Discretionary,54.0846947," 116,259,102,720.00 "," 63,247,998,976.00 "," 3,319,000,000.00 "
98,CHK,Chesapeake Energy,Energy,-3.06369303," 3,299,434,496.00 "," 9,852,999,680.00 "," -4,293,000,000.00 "
99,CVX,Chevron Corp.,Energy,-127.7451866," 207,388,819,456.00 "," 42,864,001,024.00 "," -1,959,000,000.00 "
100,CMG,Chipotle Mexican Grill,Consumer Discretionary,226.9234911," 8,790,789,120.00 ", -   ," 38,739,000.00 "
101,CB,Chubb Limited,Financials,14.31920456," 63,692,181,504.00 "," 15,850,999,808.00 "," 5,555,000,000.00 "
102,CHD,Church & Dwight,Consumer Staples,19.21504646," 12,572,758,016.00 "," 1,523,400,064.00 "," 733,600,000.00 "
103,CI,CIGNA Corp.,Health Care,17.26081865," 46,656,978,944.00 "," 4,762,999,808.00 "," 2,979,000,000.00 "
104,XEC,Cimarex Energy,Energy,-19.92173703," 9,693,583,360.00 "," 1,486,097,024.00 "," -561,180,000.00 "
105,CINF,Cincinnati Financial,Financials,15.14905622," 12,260,933,632.00 "," 843,000,000.00 "," 865,000,000.00 "
106,CTAS,Cintas Corporation,Industrials,22.20760505," 14,053,563,392.00 "," 3,133,523,968.00 "," 773,928,000.00 "
107,CSCO,Cisco Systems,Information Technology,14.10845735," 158,101,585,920.00 "," 33,717,000,192.00 "," 13,596,000,000.00 "
108,C,Citigroup Inc.,Financials,19.16410035," 182,981,443,584.00 "," 468,367,998,976.00 "," 33,988,000,000.00 "
109,CFG,Citizens Financial Group,Financials,18.1111222," 16,346,908,672.00 "," 15,745,999,872.00 "," 1,772,000,000.00 "
110,CTXS,Citrix Systems,Information Technology,19.73956173," 11,664,832,512.00 "," 1,397,092,096.00 "," 661,713,000.00 "
111,CME,CME Group Inc.,Financials,18.61285751," 42,645,360,640.00 "," 2,232,100,096.00 "," 2,411,100,000.00 "
112,CMS,CMS Energy,Utilities,18.69386576," 13,636,433,920.00 "," 10,030,000,128.00 "," 1,266,000,000.00 "
113,COH,Coach Inc.,Consumer Discretionary,17.4835851," 11,690,541,056.00 "," 1,579,500,032.00 "," 759,000,000.00 "
114,KO,Coca Cola Company,Consumer Staples,27.68999451," 195,862,560,768.00 "," 49,720,000,512.00 "," 8,869,000,000.00 "
115,CTSH,Cognizant Technology Solutions,Information Technology,17.95182909," 41,662,545,920.00 "," 991,000,000.00 "," 2,376,000,000.00 "
116,CL,Colgate-Palmolive,Consumer Staples,18.50098317," 62,636,675,072.00 "," 6,520,000,000.00 "," 3,738,000,000.00 "
117,CMCSA,Comcast Corp.,Consumer Discretionary,14.75922231," 191,692,750,848.00 "," 63,567,998,976.00 "," 17,295,000,000.00 "
118,CMA,Comerica Inc.,Financials,23.65134801," 11,740,300,288.00 "," 5,808,999,936.00 "," 742,000,000.00 "
119,CAG,ConAgra Foods Inc.,Consumer Staples,18.3781805," 14,003,417,088.00 "," 2,996,399,872.00 "," 925,000,000.00 "
120,CXO,Concho Resources,Energy,-9.129351026," 16,750,328,832.00 "," 2,740,999,936.00 "," -2,135,018,000.00 "
121,COP,ConocoPhillips,Energy,-18.08364309," 54,020,411,392.00 "," 23,467,999,232.00 "," -4,285,000,000.00 "
122,ED,Consolidated Edison,Utilities,16.11049616," 26,139,598,848.00 "," 16,376,000,512.00 "," 2,639,000,000.00 "
123,STZ,Constellation Brands,Consumer Staples,19.94644608," 39,192,440,832.00 "," 9,211,599,872.00 "," 2,426,700,000.00 "
124,GLW,Corning Inc.,Information Technology,7.734906981," 25,849,126,912.00 "," 3,937,999,872.00 "," 3,851,000,000.00 "
125,COST,Costco Co.,Consumer Staples,19.6632973," 69,797,691,392.00 "," 3,979,000,064.00 "," 3,752,000,000.00 "
126,COTY,"Coty, Inc",Consumer Staples,-44.15314381," 12,263,491,584.00 "," 7,137,399,808.00 "," -439,400,000.00 "
127,CCI,Crown Castle International Corp.,Real Estate,64.48973638," 43,482,759,168.00 "," 13,841,264,640.00 "," 888,886,000.00 "
128,CSRA,CSRA Inc.,Information Technology,12.96489626," 5,159,270,912.00 "," 2,865,999,872.00 "," 619,000,000.00 "
129,CSX,CSX Corp.,Industrials,17.03861606," 44,743,204,864.00 "," 11,825,000,448.00 "," 3,320,000,000.00 "
130,CMI,Cummins Inc.,Industrials,14.18793992," 26,564,691,968.00 "," 1,796,999,936.00 "," 1,999,000,000.00 "
131,CVS,CVS Health,Consumer Staples,11.01156367," 79,993,110,528.00 "," 26,763,999,232.00 "," 9,695,000,000.00 "
132,DHI,D. R. Horton,Consumer Discretionary,12.03704945," 13,365,646,336.00 "," 2,926,500,096.00 "," 1,353,500,000.00 "
133,DHR,Danaher Corp.,Health Care,24.78554548," 57,700,950,016.00 "," 11,591,999,488.00 "," 2,795,700,000.00 "
134,DRI,Darden Restaurants,Consumer Discretionary,17.43895851," 10,177,248,256.00 "," 936,600,000.00 "," 637,300,000.00 "
135,DVA,DaVita Inc.,Health Care,13.45663215," 10,942,375,936.00 "," 9,093,136,384.00 "," 1,488,895,000.00 "
136,DE,Deere & Co.,Industrials,24.96704688," 37,119,442,944.00 "," 37,474,603,008.00 "," 2,987,700,000.00 "
137,DLPH,Delphi Automotive,Consumer Discretionary,12.94857307," 25,774,460,928.00 "," 4,072,000,000.00 "," 1,581,000,000.00 "
138,DAL,Delta Air Lines,Industrials,5.991077467," 33,062,328,320.00 "," 9,018,999,808.00 "," 7,024,000,000.00 "
139,XRAY,Dentsply Sirona,Health Care,30.56599866," 12,964,568,064.00 "," 1,609,300,096.00 "," 476,800,000.00 "
140,DVN,Devon Energy Corp.,Energy,-9.251102913," 16,887,528,448.00 "," 10,616,000,512.00 "," -2,973,000,000.00 "
141,DLR,Digital Realty Trust,Real Estate,39.27286039," 19,584,372,736.00 "," 6,438,767,104.00 "," 662,624,000.00 "
142,DFS,Discover Financial Services,Financials,11.03990134," 21,760,249,856.00 "," 26,450,999,296.00 "," 4,367,000,000.00 "
143,DISCA,Discovery Communications-A,Consumer Discretionary,10.17380629," 12,328,783,872.00 "," 8,263,000,064.00 "," 2,024,000,000.00 "
144,DISCK,Discovery Communications-C,Consumer Discretionary,0," 12,328,640,512.00 "," 8,263,000,064.00 ", -   
145,DG,Dollar General,Consumer Discretionary,11.35218205," 20,391,370,752.00 "," 3,033,277,952.00 "," 2,063,449,000.00 "
146,DLTR,Dollar Tree,Consumer Discretionary,14.83854922," 19,537,342,464.00 "," 5,760,900,096.00 "," 1,704,900,000.00 "
147,D,Dominion Resources,Utilities,22.53438224," 50,243,801,088.00 "," 37,121,998,848.00 "," 3,877,000,000.00 "
148,DOV,Dover Corp.,Industrials,20.30901917," 13,237,390,336.00 "," 3,532,436,992.00 "," 825,733,000.00 "
149,DOW,Dow Chemical,Materials,19.55118091," 81,542,275,072.00 "," 21,511,999,488.00 "," 5,271,000,000.00 "
150,DPS,Dr Pepper Snapple Group,Consumer Staples,14.96083119," 16,685,988,864.00 "," 4,707,999,744.00 "," 1,430,000,000.00 "
151,DTE,DTE Energy Co.,Utilities,20.55818698," 20,230,260,736.00 "," 12,190,000,128.00 "," 1,577,000,000.00 "
152,DD,Du Pont (E.I.),Materials,23.767251," 72,834,957,312.00 "," 13,559,000,064.00 "," 3,635,000,000.00 "
153,DUK,Duke Energy,Utilities,20.20984669," 61,182,631,936.00 "," 53,003,001,856.00 "," 5,650,000,000.00 "
154,DNB,Dun & Bradstreet,Industrials,22.81397803," 4,155,848,192.00 "," 1,700,499,968.00 "," 256,700,000.00 "
155,ETFC,E*Trade,Financials,15.6469993," 10,983,180,288.00 "," 3,459,000,064.00 "," 923,000,000.00 "
156,EMN,Eastman Chemical,Materials,14.75063872," 12,353,832,960.00 "," 6,880,999,936.00 "," 1,304,000,000.00 "
157,ETN,Eaton Corporation,Industrials,17.82910038," 31,625,279,488.00 "," 8,615,000,064.00 "," 2,257,000,000.00 "
158,EBAY,eBay Inc.,Information Technology,13.72058301," 38,627,848,192.00 "," 11,466,000,384.00 "," 3,651,000,000.00 "
159,ECL,Ecolab Inc.,Materials,24.14314691," 38,554,226,688.00 "," 7,679,899,648.00 "," 1,915,000,000.00 "
160,EIX,Edison Int'l,Utilities,17.94499909," 26,149,593,088.00 "," 12,808,999,936.00 "," 2,171,000,000.00 "
161,EW,Edwards Lifesciences,Health Care,32.54397887," 23,622,246,400.00 "," 1,016,800,000.00 "," 757,100,000.00 "
162,EA,Electronic Arts,Information Technology,30.97994827," 36,494,737,408.00 "," 991,000,000.00 "," 1,210,000,000.00 "
163,EMR,Emerson Electric Company,Industrials,17.05414196," 37,543,571,456.00 "," 5,160,000,000.00 "," 2,504,000,000.00 "
164,ETR,Entergy Corp.,Utilities,-44.93297275," 14,323,901,440.00 "," 16,285,203,456.00 "," -681,217,000.00 "
165,EVHC,Envision Healthcare,Health Care,0," 6,074,115,584.00 "," 6,329,399,808.00 ", -   
166,EOG,EOG Resources,Energy,-44.34174896," 49,585,463,296.00 "," 6,986,804,224.00 "," -1,275,824,000.00 "
167,EQT,EQT Corporation,Energy,-57.41131384," 10,865,869,824.00 "," 3,292,162,048.00 "," -246,607,000.00 "
168,EFX,Equifax Inc.,Industrials,24.15815108," 16,984,631,296.00 "," 2,832,300,032.00 "," 820,300,000.00 "
169,EQIX,Equinix,Real Estate,82.27293835," 36,126,777,344.00 "," 9,289,118,720.00 "," 552,015,000.00 "
170,EQR,Equity Residential,Real Estate,6.950545911," 25,589,000,192.00 "," 8,964,088,832.00 "," 4,971,277,000.00 "
171,ESS,"Essex Property Trust, Inc.",Real Estate,39.0535787," 18,158,194,688.00 "," 5,663,394,816.00 "," 609,972,000.00 "
172,EL,Estee Lauder Cos.,Consumer Staples,25.17026128," 39,720,849,408.00 "," 3,572,000,000.00 "," 1,720,000,000.00 "
173,ES,Eversource Energy,Utilities,16.40713778," 19,947,974,656.00 "," 11,320,403,968.00 "," 1,905,779,000.00 "
174,EXC,Exelon Corp.,Utilities,20.54788786," 36,099,305,472.00 "," 36,331,999,232.00 "," 3,525,000,000.00 "
175,EXPE,Expedia Inc.,Consumer Discretionary,56.92984224," 22,383,136,768.00 "," 3,220,945,920.00 "," 449,748,000.00 "
176,EXPD,Expeditors Int'l,Industrials,14.8804603," 10,220,733,440.00 ", -   ," 686,856,000.00 "
177,ESRX,Express Scripts,Health Care,9.888937877," 35,663,650,816.00 "," 14,986,500,096.00 "," 5,121,900,000.00 "
178,EXR,Extra Space Storage,Real Estate,31.12316014," 10,315,402,240.00 "," 4,290,727,936.00 "," 469,301,000.00 "
179,XOM,Exxon Mobil Corp.,Energy,43.80849565," 327,020,150,784.00 "," 41,934,999,552.00 "," 8,422,000,000.00 "
180,FFIV,F5 Networks,Information Technology,13.45721522," 7,400,001,536.00 ", -   ," 549,891,000.00 "
181,FB,"Facebook, Inc.",Information Technology,39.60736586," 495,805,005,824.00 ", -   ," 12,518,000,000.00 "
182,FAST,Fastenal Co,Industrials,15.7637203," 12,106,594,304.00 "," 445,000,000.00 "," 796,233,000.00 "
183,FRT,Federal Realty Investment Trust,Real Estate,38.79441425," 9,323,234,304.00 "," 3,144,087,808.00 "," 321,369,000.00 "
184,FDX,FedEx Corporation,Industrials,14.17008726," 57,208,913,920.00 "," 14,931,000,320.00 "," 5,091,000,000.00 "
185,FIS,Fidelity National Information Services,Information Technology,30.83560092," 30,651,801,600.00 "," 9,712,000,000.00 "," 1,309,000,000.00 "
186,FITB,Fifth Third Bancorp,Financials,15.79256314," 19,049,269,248.00 "," 19,452,999,680.00 "," 2,438,000,000.00 "
187,FSLR,First Solar Inc,Information Technology,-12.03591141," 4,997,397,504.00 "," 432,628,000.00 "," -451,152,000.00 "
188,FE,FirstEnergy Corp,Utilities,-4.557442723," 14,448,765,952.00 "," 22,822,000,640.00 "," -8,178,000,000.00 "
189,FISV,Fiserv Inc,Information Technology,21.13239695," 25,647,386,624.00 "," 4,741,000,192.00 "," 1,438,000,000.00 "
190,FLIR,FLIR Systems,Information Technology,19.53707299," 5,238,143,488.00 "," 506,303,008.00 "," 294,028,000.00 "
191,FLS,Flowserve Corporation,Industrials,24.7483799," 5,166,693,376.00 "," 1,590,827,008.00 "," 273,049,000.00 "
192,FLR,Fluor Corp.,Industrials,11.29662802," 5,365,126,656.00 "," 1,596,860,928.00 "," 616,289,000.00 "
193,FMC,FMC Corporation,Materials,31.39810741," 11,484,040,192.00 "," 1,784,800,000.00 "," 422,600,000.00 "
194,FTI,FMC Technologies Inc.,Energy,19.59635494," 12,414,089,216.00 "," 3,772,499,968.00 "," 826,000,000.00 "
195,FL,Foot Locker Inc,Consumer Discretionary,4.876731538," 4,770,238,464.00 "," 126,000,000.00 "," 1,004,000,000.00 "
196,F,Ford Motor,Consumer Discretionary,24.85412106," 45,119,193,088.00 "," 146,008,997,888.00 "," 7,690,000,000.00 "
197,FTV,Fortive Corp,Industrials,20.70703728," 22,592,868,352.00 "," 3,208,100,096.00 "," 1,246,000,000.00 "
198,FBHS,Fortune Brands Home & Security,Industrials,17.48914677," 9,647,249,408.00 "," 1,391,900,032.00 "," 631,200,000.00 "
199,BEN,Franklin Resources,Financials,9.68767375," 23,272,861,696.00 "," 1,427,800,064.00 "," 2,549,700,000.00 "
200,FCX,Freeport-McMoRan Inc.,Materials,-17.55478262," 21,405,714,432.00 "," 15,354,000,384.00 "," -2,094,000,000.00 "
201,FTR,Frontier Communications,Telecommunications Services,20.84491052," 1,081,179,136.00 "," 17,845,999,616.00 "," 908,000,000.00 "
202,GPS,Gap (The),Consumer Discretionary,8.900401321," 9,423,581,184.00 "," 1,248,000,000.00 "," 1,199,000,000.00 "
203,GRMN,Garmin Ltd.,Consumer Discretionary,15.34009309," 9,659,196,416.00 ", -   ," 624,000,000.00 "
204,GD,General Dynamics,Industrials,15.00592919," 59,512,086,528.00 "," 3,977,999,872.00 "," 4,231,000,000.00 "
205,GE,General Electric,Industrials,24.81485785," 214,370,828,288.00 "," 134,401,998,848.00 "," 14,055,000,000.00 "
206,GGP,General Growth Properties Inc.,Real Estate,19.58017219," 18,565,824,512.00 "," 12,707,704,832.00 "," 1,597,204,000.00 "
207,GIS,General Mills,Consumer Staples,17.93051439," 31,001,815,040.00 "," 9,481,700,352.00 "," 2,257,800,000.00 "
208,GM,General Motors,Consumer Discretionary,11.72783223," 54,647,312,384.00 "," 89,088,999,424.00 "," 12,256,000,000.00 "
209,GPC,Genuine Parts,Consumer Discretionary,12.33250538," 12,379,322,368.00 "," 1,130,000,000.00 "," 1,095,424,000.00 "
210,GILD,Gilead Sciences,Health Care,7.425589663," 107,817,574,400.00 "," 26,296,000,512.00 "," 18,061,000,000.00 "
211,GPN,Global Payments Inc,Information Technology,44.27016447," 14,463,580,160.00 "," 4,582,684,160.00 "," 430,228,000.00 "
212,GS,Goldman Sachs Group,Financials,28.09082259," 84,545,028,096.00 "," 404,460,011,520.00 "," 17,408,000,000.00 "
213,GT,Goodyear Tire & Rubber,Consumer Discretionary,8.696734399," 7,656,143,360.00 "," 6,076,000,256.00 "," 1,579,000,000.00 "
214,GWW,Grainger (W.W.) Inc.,Industrials,10.81191172," 9,308,971,008.00 "," 2,426,169,856.00 "," 1,085,390,000.00 "
215,HAL,Halliburton Co.,Energy,-6.015427097," 34,715,631,616.00 "," 11,152,000,000.00 "," -7,625,000,000.00 "
216,HBI,Hanesbrands Inc,Consumer Discretionary,18.26389938," 8,995,342,336.00 "," 4,225,730,048.00 "," 723,891,000.00 "
217,HOG,Harley-Davidson,Consumer Discretionary,14.18455927," 7,772,229,120.00 "," 7,172,353,024.00 "," 1,053,581,000.00 "
218,HAR,Harman Int'l Industries,Consumer Discretionary,0," 641,177,408.00 ", -   , -   
219,HRS,Harris Corporation,Information Technology,23.61168089," 14,717,674,496.00 "," 4,030,000,128.00 "," 794,000,000.00 "
220,HIG,Hartford Financial Svc.Gp.,Financials,21.80068631," 19,264,184,320.00 "," 5,654,000,128.00 "," 1,143,000,000.00 "
221,HAS,Hasbro Inc.,Consumer Discretionary,17.32337514," 11,947,737,088.00 "," 1,735,892,992.00 "," 789,894,000.00 "
222,HCA,HCA Holdings,Health Care,9.199859548," 28,289,484,800.00 "," 31,665,999,872.00 "," 6,517,000,000.00 "
223,HCP,HCP Inc.,Real Estate,26.16777175," 14,269,293,568.00 "," 7,494,102,016.00 "," 831,687,000.00 "
224,HP,Helmerich & Payne,Energy,-105.4241138," 4,752,634,368.00 "," 492,636,992.00 "," -49,754,000.00 "
225,HSIC,Henry Schein,Health Care,19.07720058," 13,625,302,016.00 "," 1,402,343,040.00 "," 787,728,000.00 "
226,HES,Hess Corporation,Energy,-5.536277115," 12,732,550,144.00 "," 6,733,000,192.00 "," -3,516,000,000.00 "
227,HPE,Hewlett Packard Enterprise,Information Technology,9.095005074," 23,062,525,952.00 "," 14,035,999,744.00 "," 4,079,000,000.00 "
228,HOLX,Hologic,Health Care,24.81897612," 10,916,007,936.00 "," 3,245,699,840.00 "," 570,600,000.00 "
229,HD,Home Depot,Consumer Discretionary,15.24503727," 180,276,936,704.00 "," 24,967,000,064.00 "," 13,463,000,000.00 "
230,HON,Honeywell Int'l Inc.,Industrials,18.66531364," 103,825,276,928.00 "," 16,510,000,128.00 "," 6,447,000,000.00 "
231,HRL,Hormel Foods Corp.,Consumer Staples,12.38753454," 16,226,486,272.00 "," 250,000,000.00 "," 1,330,086,000.00 "
232,HST,Host Hotels & Resorts,Real Estate,17.80424715," 13,189,098,496.00 "," 3,992,000,000.00 "," 965,000,000.00 "
233,HPQ,HP Inc.,Information Technology,10.61994375," 32,135,608,320.00 "," 7,806,000,128.00 "," 3,761,000,000.00 "
234,HUM,Humana Inc.,Health Care,24.30634569," 37,220,347,904.00 "," 5,096,999,936.00 "," 1,741,000,000.00 "
235,HBAN,Huntington Bancshares,Financials,24.67456746," 13,494,447,104.00 "," 13,167,706,112.00 "," 1,080,552,000.00 "
236,IDXX,IDEXX Laboratories,Health Care,42.1123031," 13,598,442,496.00 "," 1,304,891,008.00 "," 353,895,000.00 "
237,ITW,Illinois Tool Works,Industrials,17.49129678," 46,959,128,576.00 "," 8,050,999,808.00 "," 3,145,000,000.00 "
238,ILMN,Illumina Inc,Health Care,52.87733669," 30,254,120,960.00 "," 1,174,000,000.00 "," 594,359,000.00 "
239,INCY,Incyte,Health Care,190.6515997," 27,840,112,640.00 "," 23,428,000.00 "," 146,149,000.00 "
240,IR,Ingersoll-Rand PLC,Industrials,15.8929597," 21,505,972,224.00 "," 4,065,799,936.00 "," 1,609,000,000.00 "
241,INTC,Intel Corp.,Information Technology,15.19356675," 164,558,979,072.00 "," 31,985,000,448.00 "," 12,936,000,000.00 "
242,ICE,Intercontinental Exchange,Financials,19.99076509," 38,222,618,624.00 "," 5,896,999,936.00 "," 2,207,000,000.00 "
243,IBM,International Business Machines,Information Technology,13.81023826," 133,304,688,640.00 "," 45,675,999,232.00 "," 12,960,000,000.00 "
244,IP,International Paper,Materials,22.92656702," 22,623,612,928.00 "," 11,216,000,000.00 "," 1,476,000,000.00 "
245,IPG,Interpublic Group,Consumer Discretionary,10.61084483," 7,947,965,952.00 "," 1,822,499,968.00 "," 920,800,000.00 "
246,IFF,Intl Flavors & Fragrances,Materials,22.35545371," 10,998,155,264.00 "," 1,894,369,024.00 "," 576,706,000.00 "
247,INTU,Intuit Inc.,Information Technology,29.54524743," 36,089,016,320.00 "," 488,000,000.00 "," 1,238,000,000.00 "
248,ISRG,Intuitive Surgical Inc.,Health Care,38.8286768," 38,083,166,208.00 ", -   ," 980,800,000.00 "
249,IVZ,Invesco Ltd.,Financials,14.71587328," 13,126,335,488.00 "," 6,004,299,776.00 "," 1,300,000,000.00 "
250,IRM,Iron Mountain Incorporated,Real Estate,36.98084598," 10,459,309,056.00 "," 6,452,253,696.00 "," 457,306,000.00 "
251,JBHT,J. B. Hunt Transport Services,Industrials,16.27334012," 10,791,385,088.00 "," 943,174,016.00 "," 721,091,000.00 "
252,JEC,Jacobs Engineering Group,Industrials,22.60971554," 6,542,729,728.00 "," 285,020,000.00 "," 301,983,000.00 "
253,SJM,JM Smucker,Consumer Staples,16.58866727," 12,049,096,704.00 "," 5,228,000,256.00 "," 1,041,500,000.00 "
254,JNJ,Johnson & Johnson,Health Care,18.68072411," 348,651,585,536.00 "," 34,844,999,680.00 "," 20,529,000,000.00 "
255,JCI,Johnson Controls International,Industrials,27.14050506," 37,295,960,064.00 "," 14,270,999,552.00 "," 1,900,000,000.00 "
256,JPM,JPMorgan Chase & Co.,Financials,20.5363677," 314,940,063,744.00 "," 595,929,989,120.00 "," 44,354,000,000.00 "
257,JNPR,Juniper Networks,Information Technology,15.06888524," 10,332,995,584.00 "," 2,135,000,064.00 "," 827,400,000.00 "
258,KSU,Kansas City Southern,Industrials,17.64524608," 10,828,845,056.00 "," 2,588,600,064.00 "," 760,400,000.00 "
259,K,Kellogg Co.,Consumer Staples,23.42157866," 22,916,964,352.00 "," 8,304,000,000.00 "," 1,333,000,000.00 "
260,KEY,KeyCorp,Financials,28.84959428," 18,259,963,904.00 "," 16,273,000,448.00 "," 1,197,000,000.00 "
261,KMB,Kimberly-Clark,Consumer Staples,15.47640415," 43,424,473,088.00 "," 8,080,999,936.00 "," 3,328,000,000.00 "
262,KIM,Kimco Realty,Real Estate,39.77951645," 8,427,592,704.00 "," 5,390,180,352.00 "," 347,359,000.00 "
263,KMI,Kinder Morgan,Energy,49.80952553," 43,213,004,800.00 "," 38,374,998,016.00 "," 1,638,000,000.00 "
264,KLAC,KLA-Tencor Corp.,Information Technology,13.59866732," 14,689,635,328.00 "," 2,930,457,088.00 "," 1,295,722,000.00 "
265,KSS,Kohl's Corp.,Consumer Discretionary,9.615339226," 6,808,946,176.00 "," 4,566,000,128.00 "," 1,183,000,000.00 "
266,KHC,Kraft Heinz Co,Consumer Staples,21.10589435," 98,860,990,464.00 "," 31,088,001,024.00 "," 6,157,000,000.00 "
267,KR,Kroger Co.,Consumer Staples,9.770509709," 20,127,471,616.00 "," 13,443,999,744.00 "," 3,436,000,000.00 "
268,LB,L Brands Inc.,Consumer Discretionary,7.730847724," 10,411,471,872.00 "," 5,745,999,872.00 "," 2,090,000,000.00 "
269,LLL,L-3 Communications Holdings,Industrials,17.31519083," 14,302,179,328.00 "," 3,342,000,128.00 "," 1,019,000,000.00 "
270,LH,Laboratory Corp. of America Holding,Health Care,16.69220885," 15,982,600,192.00 "," 6,127,899,648.00 "," 1,324,600,000.00 "
271,LRCX,Lam Research,Information Technology,16.20576626," 26,658,867,200.00 "," 2,700,681,984.00 "," 1,811,673,000.00 "
272,LEG,Leggett & Platt,Consumer Discretionary,13.860096," 6,048,070,144.00 "," 1,186,899,968.00 "," 522,000,000.00 "
273,LEN,Lennar Corp.,Consumer Discretionary,14.26742833," 11,705,309,184.00 "," 7,343,063,040.00 "," 1,335,095,000.00 "
274,LUK,Leucadia National Corp.,Financials,23.94616269," 8,284,491,776.00 "," 21,355,350,016.00 "," 1,237,770,000.00 "
275,LVLT,Level 3 Communications,Telecommunications Services,21.98767327," 19,628,890,112.00 "," 10,890,000,384.00 "," 1,388,000,000.00 "
276,LLY,Lilly (Eli) & Co.,Health Care,28.42908256," 83,578,724,352.00 "," 12,341,000,192.00 "," 3,374,000,000.00 "
277,LNC,Lincoln National,Financials,11.50650999," 14,809,146,368.00 "," 5,776,000,000.00 "," 1,789,000,000.00 "
278,LLTC,Linear Technology Corp.,Information Technology,0, -   , -   , -   
279,LKQ,LKQ Corporation,Consumer Discretionary,18.02349998," 10,776,160,256.00 "," 3,021,622,016.00 "," 765,544,000.00 "
280,LMT,Lockheed Martin Corp.,Industrials,18.25804327," 87,030,882,304.00 "," 14,282,999,808.00 "," 5,549,000,000.00 "
281,L,Loews Corp.,Financials,18.14931339," 15,429,789,696.00 "," 11,285,999,616.00 "," 1,472,000,000.00 "
282,LOW,Lowe's Cos.,Consumer Discretionary,15.27170939," 63,344,160,768.00 "," 16,083,999,744.00 "," 5,201,000,000.00 "
283,LYB,LyondellBasell,Materials,8.789707586," 35,380,920,320.00 "," 9,095,000,064.00 "," 5,060,000,000.00 "
284,MTB,M&T Bank Corp.,Financials,13.76469612," 22,098,509,824.00 "," 9,464,488,960.00 "," 2,293,040,000.00 "
285,MAC,Macerich,Real Estate,19.80797452," 8,097,356,288.00 "," 4,987,514,368.00 "," 660,586,000.00 "
286,M,Macy's Inc.,Consumer Discretionary,9.640474008," 6,398,785,024.00 "," 6,317,000,192.00 "," 1,319,000,000.00 "
287,MNK,Mallinckrodt Plc,Health Care,167.2856823," 3,510,098,176.00 "," 5,857,900,032.00 "," 618,000,000.00 "
288,MRO,Marathon Oil Corp.,Energy,-13.64990881," 9,594,637,312.00 "," 7,263,000,064.00 "," -1,235,000,000.00 "
289,MPC,Marathon Petroleum,Energy,21.30894374," 26,218,895,360.00 "," 12,606,000,128.00 "," 1,822,000,000.00 "
290,MAR,Marriott Int'l.,Consumer Discretionary,32.72504688," 38,091,116,544.00 "," 8,312,999,936.00 "," 1,418,000,000.00 "
291,MMC,Marsh & McLennan,Financials,17.10905684," 40,023,072,768.00 "," 5,640,999,936.00 "," 2,669,000,000.00 "
292,MLM,Martin Marietta Materials,Materials,21.55329925," 13,058,089,984.00 "," 1,785,774,976.00 "," 688,705,000.00 "
293,MAS,Masco Corp.,Industrials,13.93812113," 11,676,470,272.00 "," 3,084,000,000.00 "," 1,059,000,000.00 "
294,MA,Mastercard Inc.,Information Technology,25.53485997," 141,269,630,976.00 "," 5,326,000,128.00 "," 5,741,000,000.00 "
295,MAT,Mattel Inc.,Consumer Discretionary,16.23826518," 5,555,588,608.00 "," 2,642,461,952.00 "," 504,860,000.00 "
296,MKC,McCormick & Co.,Consumer Staples,22.185132," 12,599,047,168.00 "," 1,714,800,000.00 "," 645,200,000.00 "
297,MCD,McDonald's Corp.,Consumer Discretionary,22.89998881," 128,870,522,880.00 "," 28,360,800,256.00 "," 6,866,000,000.00 "
298,MCK,McKesson Corp.,Health Care,5.425584344," 31,080,781,824.00 "," 7,977,999,872.00 "," 7,199,000,000.00 "
299,MJN,Mead Johnson,Consumer Staples,0, -   , -   , -   
300,MDT,Medtronic plc,Health Care,24.95336629," 108,123,373,568.00 "," 34,011,000,832.00 "," 5,696,000,000.00 "
301,MRK,Merck & Co.,Health Care,42.58939654," 173,513,998,336.00 "," 24,910,000,128.00 "," 4,659,000,000.00 "
302,MET,MetLife Inc.,Financials,-575.7865669," 50,284,380,160.00 "," 61,994,000,384.00 "," -195,000,000.00 "
303,MTD,Mettler Toledo,Health Care,30.91522442," 15,484,280,832.00 "," 969,388,992.00 "," 532,219,000.00 "
304,KORS,Michael Kors Holdings,Consumer Discretionary,7.323247431," 6,435,122,688.00 "," 155,800,000.00 "," 692,700,000.00 "
305,MCHP,Microchip Technology,Information Technology,97.92705501," 20,128,645,120.00 "," 2,995,164,160.00 "," 236,133,000.00 "
306,MU,Micron Technology,Information Technology,303.0188833," 35,599,945,728.00 "," 11,671,000,064.00 "," 156,000,000.00 "
307,MSFT,Microsoft Corp.,Information Technology,28.32804429," 566,961,897,472.00 "," 88,803,999,744.00 "," 23,149,000,000.00 "
308,MAA,Mid-America Apartments,Real Estate,48.12622861," 12,546,970,624.00 "," 4,576,678,400.00 "," 355,807,000.00 "
309,MHK,Mohawk Industries,Consumer Discretionary,17.06124175," 18,938,398,720.00 "," 2,928,517,120.00 "," 1,281,672,000.00 "
310,TAP,Molson Coors Brewing Company,Consumer Staples,9.378410011," 19,141,464,064.00 "," 11,872,000,000.00 "," 3,306,900,000.00 "
311,MDLZ,Mondelez International,Consumer Staples,31.31497868," 61,406,179,328.00 "," 19,042,000,896.00 "," 2,569,000,000.00 "
312,MON,Monsanto Co.,Materials,25.243748," 51,409,575,936.00 "," 9,857,000,448.00 "," 2,427,000,000.00 "
313,MNST,Monster Beverage,Consumer Staples,29.65339391," 32,016,324,608.00 ", -   ," 1,079,685,000.00 "
314,MCO,Moody's Corp,Financials,43.54923728," 25,414,459,392.00 "," 4,887,099,904.00 "," 695,800,000.00 "
315,MS,Morgan Stanley,Financials,31.16873387," 82,480,807,936.00 "," 296,718,008,320.00 "," 12,166,000,000.00 "
316,MSI,Motorola Solutions Inc.,Information Technology,17.69551606," 14,095,596,544.00 "," 4,466,999,808.00 "," 1,049,000,000.00 "
317,MUR,Murphy Oil,Energy,-20.24015432," 4,055,465,216.00 "," 2,926,274,816.00 "," -344,945,000.00 "
318,MYL,Mylan N.V.,Health Care,55.38771416," 16,941,116,416.00 "," 14,989,900,800.00 "," 576,500,000.00 "
319,NDAQ,NASDAQ OMX Group,Financials,58.88666545," 12,406,286,336.00 "," 3,552,000,000.00 "," 271,000,000.00 "
320,NOV,National Oilwell Varco Inc.,Energy,-6.005012944," 11,906,622,464.00 "," 3,214,000,128.00 "," -2,518,000,000.00 "
321,NAVI,Navient,Financials,33.60569115," 3,793,599,488.00 "," 115,472,998,400.00 "," 3,549,000,000.00 "
322,NTAP,NetApp,Information Technology,18.99760871," 10,245,409,792.00 "," 2,388,000,000.00 "," 665,000,000.00 "
323,NFLX,Netflix Inc.,Information Technology,195.2786599," 75,349,016,576.00 "," 4,836,502,016.00 "," 410,621,000.00 "
324,NWL,Newell Brands,Consumer Discretionary,28.65498934," 23,877,672,960.00 "," 11,393,800,192.00 "," 1,219,000,000.00 "
325,NFX,Newfield Exploration Co,Energy,-6.840741647," 5,127,019,520.00 "," 2,432,000,000.00 "," -1,105,000,000.00 "
326,NEM,Newmont Mining Corp. (Hldg. Co.),Materials,428.5974997," 20,664,252,416.00 "," 4,623,000,064.00 "," 59,000,000.00 "
327,NWSA,News Corp. Class A,Consumer Discretionary,0," 7,808,254,976.00 "," 379,000,000.00 ", -   
328,NWS,News Corp. Class B,Consumer Discretionary,-13.24219432," 7,764,949,504.00 "," 379,000,000.00 "," -615,000,000.00 "
329,NEE,NextEra Energy,Utilities,19.16276122," 70,507,094,016.00 "," 34,524,000,256.00 "," 5,481,000,000.00 "
330,NLSN,Nielsen Holdings,Industrials,17.92127713," 13,838,753,792.00 "," 8,527,000,064.00 "," 1,248,000,000.00 "
331,NKE,Nike,Consumer Discretionary,18.5861798," 87,010,074,624.00 "," 3,801,999,872.00 "," 4,886,000,000.00 "
332,NI,NiSource Inc.,Utilities,19.80961709," 8,756,127,744.00 "," 8,274,200,064.00 "," 859,700,000.00 "
333,NBL,Noble Energy Inc,Energy,-13.13330172," 11,767,487,488.00 "," 7,197,000,192.00 "," -1,444,000,000.00 "
334,JWN,Nordstrom,Consumer Discretionary,12.94445746," 7,680,288,256.00 "," 2,740,000,000.00 "," 805,000,000.00 "
335,NSC,Norfolk Southern Corp.,Industrials,14.32582675," 34,901,725,184.00 "," 10,152,999,936.00 "," 3,145,000,000.00 "
336,NTRS,Northern Trust Corp.,Financials,17.17916845," 19,766,325,248.00 "," 9,422,799,872.00 "," 1,699,100,000.00 "
337,NOC,Northrop Grumman Corp.,Industrials,16.67661086," 46,684,393,472.00 "," 7,080,999,936.00 "," 3,224,000,000.00 "
338,NRG,NRG Energy,Utilities,132.7991852," 7,721,648,128.00 "," 16,979,000,320.00 "," 186,000,000.00 "
339,NUE,Nucor Corp.,Materials,15.31071079," 17,501,349,888.00 "," 4,379,891,200.00 "," 1,429,146,000.00 "
340,NVDA,Nvidia Corporation,Information Technology,51.76872415," 99,546,005,504.00 "," 2,076,000,000.00 "," 1,963,000,000.00 "
341,ORLY,O'Reilly Automotive,Consumer Discretionary,11.84976845," 17,636,788,224.00 "," 2,604,061,952.00 "," 1,708,122,000.00 "
342,OXY,Occidental Petroleum,Energy,-36.21949453," 46,424,875,008.00 "," 9,824,000,000.00 "," -1,553,000,000.00 "
343,OMC,Omnicom Group,Consumer Discretionary,10.49553255," 16,551,985,152.00 "," 4,979,599,872.00 "," 2,051,500,000.00 "
344,OKE,ONEOK,Energy,21.33992482," 20,843,438,080.00 "," 9,621,587,968.00 "," 1,427,607,000.00 "
345,ORCL,Oracle Corp.,Information Technology,20.17199403," 210,681,102,336.00 "," 57,908,998,144.00 "," 13,315,000,000.00 "
346,PCAR,PACCAR Inc.,Industrials,25.09394076," 22,941,339,648.00 "," 8,616,800,256.00 "," 1,257,600,000.00 "
347,PH,Parker-Hannifin,Industrials,18.20107795," 21,268,848,640.00 "," 5,870,360,064.00 "," 1,491,077,000.00 "
348,PDCO,Patterson Companies,Health Care,16.00468644," 3,528,222,464.00 "," 1,176,211,072.00 "," 293,941,000.00 "
349,PAYX,Paychex Inc.,Information Technology,16.37319075," 20,381,347,840.00 ", -   ," 1,244,800,000.00 "
350,PYPL,PayPal,Information Technology,45.16925151," 73,671,049,216.00 ", -   ," 1,631,000,000.00 "
351,PNR,Pentair Ltd.,Industrials,18.14612732," 11,173,662,720.00 "," 1,699,200,000.00 "," 739,000,000.00 "
352,PBCT,People's United Financial,Financials,22.85031708," 5,539,591,680.00 "," 5,056,100,352.00 "," 463,700,000.00 "
353,PEP,PepsiCo Inc.,Consumer Staples,20.68295628," 165,173,854,208.00 "," 39,483,998,208.00 "," 9,895,000,000.00 "
354,PKI,PerkinElmer,Health Care,30.02150588," 7,406,447,616.00 "," 1,091,619,968.00 "," 283,066,000.00 "
355,PRGO,Perrigo,Health Care,-3.196885684," 11,132,215,296.00 "," 3,674,800,128.00 "," 660,000,000.00 "
356,PFE,Pfizer Inc.,Health Care,29.32480215," 201,020,424,192.00 "," 43,870,998,528.00 "," 8,351,000,000.00 "
357,PCG,PG&E Corp.,Utilities,23.70645549," 35,815,489,536.00 "," 18,496,000,000.00 "," 2,291,000,000.00 "
358,PM,Philip Morris International,Consumer Staples,19.83456906," 182,763,864,064.00 "," 31,747,000,320.00 "," 10,815,000,000.00 "
359,PSX,Phillips 66,Energy,20.77626478," 42,578,173,952.00 "," 9,964,999,680.00 "," 2,529,000,000.00 "
360,PNW,Pinnacle West Capital,Utilities,16.48097743," 10,011,646,976.00 "," 4,881,520,128.00 "," 903,658,000.00 "
361,PXD,Pioneer Natural Resources,Energy,-33.29115983," 22,304,952,320.00 "," 2,729,999,872.00 "," -752,000,000.00 "
362,PNC,PNC Financial Services,Financials,19.12081471," 59,321,036,800.00 "," 57,009,999,872.00 "," 6,084,000,000.00 "
363,RL,Polo Ralph Lauren Corp.,Consumer Discretionary,-88.33938681," 7,272,993,280.00 "," 898,400,000.00 "," -92,500,000.00 "
364,PPG,PPG Industries,Materials,32.71774333," 26,530,291,712.00 "," 4,616,999,936.00 "," 952,000,000.00 "
365,PPL,PPL Corp.,Utilities,13.82692784," 26,864,977,920.00 "," 20,672,000,000.00 "," 3,438,000,000.00 "
366,PX,Praxair Inc.,Materials,20.84060219," 37,274,267,648.00 "," 9,367,000,064.00 "," 2,238,000,000.00 "
367,PCLN,Priceline.com Inc,Consumer Discretionary,33.85517599," 90,410,344,448.00 "," 8,485,296,640.00 "," 2,921,138,000.00 "
368,PFG,Principal Financial Group,Financials,13.26190188," 17,863,569,408.00 "," 3,245,399,808.00 "," 1,591,700,000.00 "
369,PG,Procter & Gamble,Consumer Staples,19.53279015," 236,436,946,944.00 "," 31,591,999,488.00 "," 13,722,000,000.00 "
370,PGR,Progressive Corp.,Financials,18.02619171," 25,667,610,624.00 "," 3,383,399,936.00 "," 1,611,600,000.00 "
371,PLD,Prologis,Real Estate,27.48296179," 34,271,836,160.00 "," 11,081,921,536.00 "," 1,650,250,000.00 "
372,PRU,Prudential Financial,Financials,13.57580681," 43,015,979,008.00 "," 34,433,998,848.00 "," 5,705,000,000.00 "
373,PEG,Public Serv. Enterprise Inc.,Utilities,21.37796647," 23,458,117,632.00 "," 12,520,999,936.00 "," 1,683,000,000.00 "
374,PSA,Public Storage,Real Estate,25.84020373," 35,959,463,936.00 "," 420,778,016.00 "," 1,407,893,000.00 "
375,PHM,Pulte Homes Inc.,Consumer Discretionary,11.81456188," 7,738,835,456.00 "," 3,294,193,152.00 "," 933,850,000.00 "
376,PVH,PVH Corp.,Consumer Discretionary,16.66590913," 9,949,035,520.00 "," 3,203,699,968.00 "," 789,200,000.00 "
377,QRVO,Qorvo,Information Technology,119.840632," 9,338,925,056.00 "," 989,419,968.00 "," 86,184,000.00 "
378,QCOM,QUALCOMM Inc.,Information Technology,13.42858118," 73,847,783,424.00 "," 21,898,000,384.00 "," 7,130,000,000.00 "
379,PWR,Quanta Services Inc.,Industrials,18.71512986," 5,551,982,592.00 "," 485,012,992.00 "," 322,573,000.00 "
380,DGX,Quest Diagnostics,Health Care,15.02581981," 14,652,732,416.00 "," 3,814,000,128.00 "," 1,229,000,000.00 "
381,RRC,Range Resources Corp.,Energy,-12.9810017," 4,380,392,448.00 "," 3,848,589,056.00 "," -633,925,000.00 "
382,RTN,Raytheon Co.,Industrials,17.83751338," 53,138,968,576.00 "," 5,047,000,064.00 "," 3,262,000,000.00 "
383,O,Realty Income Corporation,Real Estate,29.82330804," 16,007,673,856.00 "," 5,993,219,072.00 "," 737,708,000.00 "
384,RHT,Red Hat Inc.,Information Technology,57.2836063," 18,954,502,144.00 "," 751,172,992.00 "," 344,002,000.00 "
385,REG,Regency Centers Corporation,Real Estate,94.28642802," 10,997,691,392.00 "," 3,509,689,856.00 "," 153,865,000.00 "
386,REGN,Regeneron,Health Care,39.93908595," 52,697,784,320.00 "," 701,172,992.00 "," 1,337,010,000.00 "
387,RF,Regions Financial Corp.,Financials,13.02349622," 16,300,891,136.00 "," 8,026,999,808.00 "," 1,868,000,000.00 "
388,RSG,Republic Services Inc,Industrials,22.09544232," 21,764,925,440.00 "," 7,781,100,032.00 "," 1,337,200,000.00 "
389,RAI,Reynolds American Inc.,Consumer Staples,0," 93,268,910,080.00 ", -   , -   
390,RHI,Robert Half International,Industrials,10.16221884," 5,630,062,080.00 "," 925,000.00 "," 554,110,000.00 "
391,ROK,Rockwell Automation Inc.,Industrials,22.49343937," 20,975,144,960.00 "," 1,842,199,936.00 "," 1,014,400,000.00 "
392,COL,Rockwell Collins,Industrials,29.09244835," 21,284,356,096.00 "," 7,778,999,808.00 "," 999,000,000.00 "
393,ROP,Roper Industries,Industrials,27.61024319," 23,409,401,856.00 "," 5,642,399,744.00 "," 1,052,211,000.00 "
394,ROST,Ross Stores,Consumer Discretionary,12.95573478," 22,957,848,576.00 "," 396,728,992.00 "," 1,802,644,000.00 "
395,RCL,Royal Caribbean Cruises Ltd,Consumer Discretionary,23.03178368," 25,606,813,696.00 "," 8,075,051,008.00 "," 1,462,408,000.00 "
396,R,Ryder System,Industrials,17.22437253," 4,161,316,352.00 "," 5,384,844,288.00 "," 554,224,000.00 "
397,SPGI,"S&P Global, Inc.",Financials,12.74362073," 39,367,258,112.00 "," 3,566,000,128.00 "," 3,369,000,000.00 "
398,CRM,Salesforce.com,Information Technology,626.9654208," 69,124,571,136.00 "," 2,582,091,008.00 "," 114,371,000.00 "
399,SCG,SCANA Corp,Utilities,13.6776337," 8,553,581,568.00 "," 7,968,999,936.00 "," 1,208,000,000.00 "
400,SLB,Schlumberger Ltd.,Energy,-81.87800603," 90,455,138,304.00 "," 18,851,999,744.00 "," -1,335,000,000.00 "
401,SNI,Scripps Networks Interactive Inc.,Consumer Discretionary,9.977902982," 11,061,365,760.00 "," 2,979,728,896.00 "," 1,407,219,000.00 "
402,STX,Seagate Technology,Information Technology,11.07931995," 9,426,433,024.00 "," 5,021,000,192.00 "," 1,304,000,000.00 "
403,SEE,Sealed Air,Materials,16.49636921," 8,405,071,360.00 "," 4,445,600,256.00 "," 779,000,000.00 "
404,SRE,Sempra Energy,Utilities,27.07375825," 29,536,815,104.00 "," 18,112,999,424.00 "," 1,760,000,000.00 "
405,SHW,Sherwin-Williams,Materials,24.99766483," 32,224,651,264.00 "," 11,504,288,768.00 "," 1,749,321,000.00 "
406,SIG,Signet Jewelers,Consumer Discretionary,7.067570059," 3,903,342,592.00 "," 1,644,699,904.00 "," 785,000,000.00 "
407,SPG,Simon Property Group Inc,Real Estate,30.16527367," 56,181,239,808.00 "," 23,422,685,184.00 "," 2,638,926,000.00 "
408,SWKS,Skyworks Solutions,Information Technology,16.36458272," 19,647,318,016.00 ", -   ," 1,200,600,000.00 "
409,SLG,SL Green Realty,Real Estate,71.90283207," 9,617,610,752.00 "," 6,418,734,080.00 "," 223,028,000.00 "
410,SNA,Snap-On Inc.,Consumer Discretionary,11.05500176," 8,330,749,440.00 "," 1,105,800,064.00 "," 853,600,000.00 "
411,SO,Southern Co.,Utilities,20.70547041," 49,134,141,440.00 "," 50,190,000,128.00 "," 4,797,000,000.00 "
412,LUV,Southwest Airlines,Industrials,9.312428033," 30,610,614,272.00 "," 3,119,000,064.00 "," 3,622,000,000.00 "
413,SWN,Southwestern Energy,Energy,-2.775239133," 2,788,217,856.00 "," 4,383,000,064.00 "," -2,584,000,000.00 "
414,SWK,Stanley Black & Decker,Consumer Discretionary,18.41847053," 21,701,779,456.00 "," 4,463,499,776.00 "," 1,420,600,000.00 "
415,SPLS,Staples Inc.,Consumer Discretionary,-28.70593559," 6,731,308,544.00 "," 1,048,000,000.00 "," -271,000,000.00 "
416,SBUX,Starbucks Corp.,Consumer Discretionary,19.51861326," 79,602,212,864.00 "," 3,935,500,032.00 "," 4,279,900,000.00 "
417,STT,State Street Corp.,Financials,24.39220165," 34,325,329,920.00 "," 27,825,999,872.00 "," 2,548,000,000.00 "
418,SRCL,Stericycle Inc,Industrials,20.81069842," 6,002,724,352.00 "," 2,861,218,048.00 "," 425,932,000.00 "
419,SYK,Stryker Corp.,Health Care,31.40919384," 52,971,061,248.00 "," 7,366,000,128.00 "," 1,921,000,000.00 "
420,STI,SunTrust Banks,Financials,14.66520744," 25,839,970,304.00 "," 18,008,999,936.00 "," 2,990,000,000.00 "
421,SYMC,Symantec Corp.,Information Technology,-454.1006981," 18,319,437,824.00 "," 6,201,999,872.00 "," -54,000,000.00 "
422,SYF,Synchrony Financial,Financials,10.86914099," 23,756,656,640.00 "," 20,708,999,168.00 "," 4,091,000,000.00 "
423,SYY,Sysco Corp.,Consumer Staples,20.80506637," 27,988,303,872.00 "," 8,194,889,728.00 "," 1,739,153,000.00 "
424,TROW,T. Rowe Price Group,Financials,10.14885695," 19,896,834,048.00 ", -   ," 1,960,500,000.00 "
425,TGT,Target Corp.,Consumer Discretionary,8.768847701," 31,326,404,608.00 "," 12,245,999,616.00 "," 4,969,000,000.00 "
426,TEL,TE Connectivity Ltd.,Information Technology,24.78723237," 27,959,742,464.00 "," 3,991,000,064.00 "," 1,289,000,000.00 "
427,TGNA,"Tegna, Inc.",Consumer Discretionary,6.392755026," 2,691,101,184.00 "," 3,346,632,192.00 "," 944,465,000.00 "
428,TDC,Teradata Corp.,Information Technology,20.1865166," 4,150,458,368.00 "," 553,000,000.00 "," 233,000,000.00 "
429,TSO,Tesoro Petroleum Co.,Energy,0," 15,919,225,856.00 ", -   , -   
430,TXN,Texas Instruments,Information Technology,16.88975861," 81,034,690,560.00 "," 3,583,000,064.00 "," 5,010,000,000.00 "
431,TXT,Textron Inc.,Industrials,16.09102117," 12,891,572,224.00 "," 4,004,000,000.00 "," 1,050,000,000.00 "
432,BK,The Bank of New York Mellon Corp.,Financials,23.11677501," 52,897,792,000.00 "," 66,431,000,576.00 "," 5,162,000,000.00 "
433,CLX,The Clorox Company,Consumer Staples,17.88502757," 17,854,115,840.00 "," 2,195,000,064.00 "," 1,121,000,000.00 "
434,COO,The Cooper Companies,Health Care,40.79976564," 11,743,403,008.00 "," 1,386,899,968.00 "," 321,823,000.00 "
435,HSY,The Hershey Company,Consumer Staples,21.18863937," 22,234,703,872.00 "," 2,971,810,048.00 "," 1,189,624,000.00 "
436,MOS,The Mosaic Company,Materials,30.26756546," 6,831,432,192.00 "," 3,907,500,032.00 "," 354,800,000.00 "
437,TRV,The Travelers Companies Inc.,Financials,8.780018667," 31,852,562,432.00 "," 6,920,000,000.00 "," 4,416,000,000.00 "
438,DIS,The Walt Disney Company,Consumer Discretionary,12.03958647," 156,817,571,840.00 "," 22,186,999,808.00 "," 14,868,000,000.00 "
439,TMO,Thermo Fisher Scientific,Health Care,45.13192951," 74,446,512,128.00 "," 16,896,000,000.00 "," 2,023,900,000.00 "
440,TIF,Tiffany & Co.,Consumer Discretionary,17.44025951," 11,486,231,552.00 "," 1,116,099,968.00 "," 722,600,000.00 "
441,TWX,Time Warner Inc.,Consumer Discretionary,16.00488027," 78,729,019,392.00 "," 22,997,999,616.00 "," 6,356,000,000.00 "
442,TJX,TJX Companies Inc.,Consumer Discretionary,12.81194085," 46,028,058,624.00 "," 2,229,103,104.00 "," 3,766,577,000.00 "
443,TMK,Torchmark Corp.,Financials,11.99568207," 8,825,198,592.00 "," 1,438,067,072.00 "," 855,580,000.00 "
444,TSS,Total System Services,Information Technology,34.31708325," 12,688,472,064.00 "," 3,139,047,168.00 "," 461,214,000.00 "
445,TSCO,Tractor Supply Company,Consumer Discretionary,11.54653458," 7,523,208,704.00 "," 491,010,016.00 "," 694,080,000.00 "
446,TDG,TransDigm Group,Industrials,19.4244408," 13,190,458,368.00 "," 11,128,281,088.00 "," 1,251,966,000.00 "
447,RIG,Transocean,Energy,9.091923614," 3,438,480,896.00 "," 7,390,000,128.00 "," 1,191,000,000.00 "
448,TRIP,TripAdvisor,Consumer Discretionary,39.56101615," 6,181,445,632.00 "," 267,000,000.00 "," 163,000,000.00 "
449,FOXA,Twenty-First Century Fox Class A,Consumer Discretionary,11.63173005," 48,807,260,160.00 "," 19,913,000,960.00 "," 5,908,000,000.00 "
450,FOX,Twenty-First Century Fox Class B,Consumer Discretionary,0," 48,813,084,672.00 "," 19,913,000,960.00 ", -   
451,TSN,Tyson Foods,Consumer Staples,12.11023835," 23,653,849,088.00 "," 10,823,999,488.00 "," 2,847,000,000.00 "
452,USB,U.S. Bancorp,Financials,15.17011749," 85,093,810,176.00 "," 53,288,001,536.00 "," 9,122,000,000.00 "
453,UDR,UDR Inc,Real Estate,62.83826178," 10,741,866,496.00 "," 3,634,648,064.00 "," 228,786,000.00 "
454,ULTA,Ulta Salon Cosmetics & Fragrance Inc,Consumer Discretionary,20.97608204," 13,754,310,656.00 ", -   ," 655,714,000.00 "
455,UA,Under Armour,Consumer Discretionary,19.35522696," 7,072,205,312.00 "," 954,716,992.00 "," 414,716,000.00 "
456,UAA,Under Armour,Consumer Discretionary,0," 7,134,061,568.00 "," 954,716,992.00 ", -   
457,UNP,Union Pacific,Industrials,13.2743942," 83,320,078,336.00 "," 15,760,000,000.00 "," 7,464,000,000.00 "
458,UAL,United Continental Holdings,Industrials,7.280702929," 18,588,145,664.00 "," 13,162,999,808.00 "," 4,361,000,000.00 "
459,UNH,United Health Group Inc.,Health Care,17.37361736," 192,704,872,448.00 "," 31,936,000,000.00 "," 12,930,000,000.00 "
460,UPS,United Parcel Service,Industrials,21.14589437," 98,562,899,968.00 "," 18,098,999,296.00 "," 5,517,000,000.00 "
461,URI,"United Rentals, Inc.",Industrials,12.87526761," 10,067,879,936.00 "," 8,215,000,064.00 "," 1,420,000,000.00 "
462,UTX,United Technologies,Industrials,14.12843149," 88,831,541,248.00 "," 26,626,000,896.00 "," 8,172,000,000.00 "
463,UHS,"Universal Health Services, Inc.",Health Care,11.36137766," 10,443,573,248.00 "," 4,115,021,056.00 "," 1,281,411,000.00 "
464,UNM,Unum Group,Financials,9.057737813," 10,737,997,824.00 "," 2,972,699,904.00 "," 1,513,700,000.00 "
465,URBN,Urban Outfitters,Consumer Discretionary,7.198233228," 2,433,715,456.00 ", -   ," 338,099,000.00 "
466,VFC,V.F. Corp.,Consumer Discretionary,18.84273419," 25,172,062,208.00 "," 3,286,514,944.00 "," 1,510,321,000.00 "
467,VLO,Valero Energy,Energy,10.6065062," 29,993,404,416.00 "," 8,487,000,064.00 "," 3,628,000,000.00 "
468,VAR,Varian Medical Systems,Health Care,17.77937166," 9,738,238,976.00 "," 364,000,000.00 "," 568,200,000.00 "
469,VTR,Ventas Inc,Real Estate,38.92117874," 24,717,883,392.00 "," 11,907,996,672.00 "," 941,027,000.00 "
470,VRSN,Verisign Inc.,Information Technology,17.38516055," 10,245,869,568.00 "," 1,867,015,040.00 "," 696,737,000.00 "
471,VRSK,Verisk Analytics,Industrials,20.25320491," 13,266,504,704.00 "," 2,403,399,936.00 "," 773,700,000.00 "
472,VZ,Verizon Communications,Telecommunications Services,12.25947658," 193,200,848,896.00 "," 117,723,996,160.00 "," 25,362,000,000.00 "
473,VRTX,Vertex Pharmaceuticals Inc,Health Care,2891.590707," 40,104,570,880.00 "," 568,544,000.00 "," 14,066,000.00 "
474,VIAB,Viacom Inc.,Consumer Discretionary,0," 11,498,299,392.00 "," 11,173,000,192.00 ", -   
475,V,Visa Inc.,Information Technology,29.79632348," 235,560,173,568.00 "," 15,891,000,320.00 "," 8,439,000,000.00 "
476,VNO,Vornado Realty Trust,Real Estate,18.69592754," 15,014,462,464.00 "," 10,893,157,376.00 "," 1,385,736,000.00 "
477,VMC,Vulcan Materials,Materials,27.83079236," 15,626,968,064.00 "," 3,335,069,184.00 "," 681,333,000.00 "
478,WMT,Wal-Mart Stores,Consumer Staples,12.50969063," 238,378,565,632.00 "," 47,643,000,832.00 "," 22,864,000,000.00 "
479,WBA,Walgreens Boots Alliance,Consumer Staples,18.53316085," 87,170,342,912.00 "," 19,210,000,384.00 "," 5,740,000,000.00 "
480,WM,Waste Management Inc.,Industrials,19.32362867," 33,416,335,360.00 "," 9,057,000,448.00 "," 2,198,000,000.00 "
481,WAT,Waters Corporation,Health Care,25.59932133," 14,599,736,320.00 "," 1,912,465,920.00 "," 645,025,000.00 "
482,WEC,Wec Energy Group Inc,Utilities,16.22086952," 20,689,227,776.00 "," 10,282,900,480.00 "," 1,909,400,000.00 "
483,WFC,Wells Fargo,Financials,16.22957832," 248,693,374,976.00 "," 345,860,997,120.00 "," 36,634,000,000.00 "
484,HCN,Welltower Inc.,Real Estate,31.4474148," 27,319,179,264.00 "," 11,379,946,496.00 "," 1,230,598,000.00 "
485,WDC,Western Digital,Information Technology,24.46925244," 26,391,312,384.00 "," 13,150,999,552.00 "," 1,616,000,000.00 "
486,WU,Western Union Co,Information Technology,24.87905075," 8,667,426,816.00 "," 3,627,800,064.00 "," 494,200,000.00 "
487,WRK,WestRock Company,Materials,41.4662386," 14,264,225,792.00 "," 6,522,799,616.00 "," 501,300,000.00 "
488,WY,Weyerhaeuser Corp.,Real Estate,33.62031408," 24,319,993,856.00 "," 7,114,999,808.00 "," 935,000,000.00 "
489,WHR,Whirlpool Corp.,Consumer Discretionary,14.08917022," 12,562,692,096.00 "," 5,400,999,936.00 "," 1,275,000,000.00 "
490,WFM,Whole Foods Market,Consumer Staples,16.69974887," 13,447,382,016.00 "," 1,048,000,000.00 "," 868,000,000.00 "
491,WMB,Williams Cos.,Energy,59.9496597," 24,923,527,168.00 "," 23,275,999,232.00 "," 804,000,000.00 "
492,WLTW,Willis Towers Watson,Financials,45.77403994," 19,803,596,800.00 "," 4,182,000,128.00 "," 524,000,000.00 "
493,WYN,Wyndham Worldwide,Consumer Discretionary,14.7720251," 10,134,699,008.00 "," 5,760,000,000.00 "," 1,076,000,000.00 "
494,WYNN,Wynn Resorts Ltd,Consumer Discretionary,40.70986362," 14,616,224,768.00 "," 9,808,146,432.00 "," 599,962,000.00 "
495,XEL,Xcel Energy Inc,Utilities,17.26198558," 25,210,433,536.00 "," 15,381,177,344.00 "," 2,351,503,000.00 "
496,XRX,Xerox Corp.,Information Technology,23.17771177," 8,163,940,352.00 "," 5,000,999,936.00 "," 568,000,000.00 "
497,XLNX,Xilinx Inc,Information Technology,25.41446686," 16,037,315,584.00 "," 1,737,410,048.00 "," 699,394,000.00 "
498,XL,XL Capital,Financials,13.33216685," 9,871,516,672.00 "," 3,207,339,008.00 "," 981,000,000.00 "
499,XYL,Xylem Inc.,Industrials,32.99087797," 11,115,259,904.00 "," 2,411,000,064.00 "," 410,000,000.00 "
500,YHOO,Yahoo Inc.,Information Technology,0," 23,756,656,640.00 ", -   , -   
501,YUM,Yum! Brands Inc,Consumer Discretionary,22.25358438," 26,313,074,688.00 "," 9,848,999,936.00 "," 1,625,000,000.00 "
502,ZBH,Zimmer Biomet Holdings,Health Care,44.59745212," 23,098,869,760.00 "," 10,683,700,224.00 "," 757,500,000.00 "
503,ZION,Zions Bancorp,Financials,18.05465469," 8,644,874,240.00 "," 4,762,999,808.00 "," 742,627,000.00 "
504,ZTS,Zoetis,Health Care,25.44203955," 30,897,203,200.00 "," 4,568,999,936.00 "," 1,394,000,000.00 "
